ticket_date,net_weight_kg
2015-01-01 00:00:00+00:00,63550.0
2015-01-02 00:00:00+00:00,94850.0
2015-01-03 00:00:00+00:00,96180.0
2015-01-04 00:00:00+00:00,122270.0
2015-01-05 00:00:00+00:00,99420.0
2015-01-06 00:00:00+00:00,79950.0
2015-01-07 00:00:00+00:00,65470.0
2015-01-08 00:00:00+00:00,91940.0
2015-01-09 00:00:00+00:00,141290.0
2015-01-10 00:00:00+00:00,39680.0
2015-01-11 00:00:00+00:00,130400.0
2015-01-12 00:00:00+00:00,76530.0
2015-01-13 00:00:00+00:00,94650.0
2015-01-14 00:00:00+00:00,96720.0
2015-01-15 00:00:00+00:00,95820.0
2015-01-16 00:00:00+00:00,119340.0
2015-01-17 00:00:00+00:00,155200.0
2015-01-18 00:00:00+00:00,129460.0
2015-01-19 00:00:00+00:00,65760.0
2015-01-20 00:00:00+00:00,130150.0
2015-01-21 00:00:00+00:00,120240.0
2015-01-22 00:00:00+00:00,108190.0
2015-01-23 00:00:00+00:00,97010.0
2015-01-24 00:00:00+00:00,114870.0
2015-01-25 00:00:00+00:00,101930.0
2015-01-26 00:00:00+00:00,84050.0
2015-01-27 00:00:00+00:00,98400.0
2015-01-28 00:00:00+00:00,78110.0
2015-01-29 00:00:00+00:00,87250.0
2015-01-30 00:00:00+00:00,82460.0
2015-01-31 00:00:00+00:00,131340.0
2015-02-01 00:00:00+00:00,70030.0
2015-02-02 00:00:00+00:00,93110.0
2015-02-03 00:00:00+00:00,95130.0
2015-02-04 00:00:00+00:00,102520.0
2015-02-05 00:00:00+00:00,171300.0
2015-02-06 00:00:00+00:00,47350.0
2015-02-07 00:00:00+00:00,89620.0
2015-02-08 00:00:00+00:00,83320.0
2015-02-09 00:00:00+00:00,73360.0
2015-02-10 00:00:00+00:00,87330.0
2015-02-11 00:00:00+00:00,99790.0
2015-02-12 00:00:00+00:00,79010.0
2015-02-13 00:00:00+00:00,114770.0
2015-02-14 00:00:00+00:00,131130.0
2015-02-15 00:00:00+00:00,126720.0
2015-02-16 00:00:00+00:00,86520.0
2015-02-17 00:00:00+00:00,86710.0
2015-02-18 00:00:00+00:00,83880.0
2015-02-19 00:00:00+00:00,78360.0
2015-02-20 00:00:00+00:00,91860.0
2015-02-21 00:00:00+00:00,112820.0
2015-02-22 00:00:00+00:00,76920.0
2015-02-23 00:00:00+00:00,67210.0
2015-02-24 00:00:00+00:00,107260.0
2015-02-25 00:00:00+00:00,87950.0
2015-02-26 00:00:00+00:00,96540.0
2015-02-27 00:00:00+00:00,88040.0
2015-02-28 00:00:00+00:00,126010.0
2015-03-01 00:00:00+00:00,75940.0
2015-03-02 00:00:00+00:00,77470.0
2015-03-03 00:00:00+00:00,89760.0
2015-03-04 00:00:00+00:00,99880.0
2015-03-05 00:00:00+00:00,107780.0
2015-03-06 00:00:00+00:00,62520.0
2015-03-07 00:00:00+00:00,95810.0
2015-03-08 00:00:00+00:00,102950.0
2015-03-09 00:00:00+00:00,63560.0
2015-03-10 00:00:00+00:00,24480.0
2015-03-11 00:00:00+00:00,82920.0
2015-03-12 00:00:00+00:00,86970.0
2015-03-13 00:00:00+00:00,112590.0
2015-03-14 00:00:00+00:00,103079.7265625
2015-03-15 00:00:00+00:00,113835.96875
2015-03-16 00:00:00+00:00,67230.0
2015-03-17 00:00:00+00:00,64070.0
2015-03-18 00:00:00+00:00,75510.0
2015-03-19 00:00:00+00:00,106370.0
2015-03-20 00:00:00+00:00,116390.0
2015-03-21 00:00:00+00:00,108560.0
2015-03-22 00:00:00+00:00,100080.0
2015-03-23 00:00:00+00:00,109780.0
2015-03-24 00:00:00+00:00,94120.0
2015-03-25 00:00:00+00:00,103350.0
2015-03-26 00:00:00+00:00,94120.0
2015-03-27 00:00:00+00:00,93620.0
2015-03-28 00:00:00+00:00,125100.0
2015-03-29 00:00:00+00:00,105290.0
2015-03-30 00:00:00+00:00,114700.0
2015-03-31 00:00:00+00:00,110920.0
2015-04-01 00:00:00+00:00,136410.0
2015-04-02 00:00:00+00:00,53600.0
2015-04-03 00:00:00+00:00,85010.0
2015-04-04 00:00:00+00:00,162800.0
2015-04-05 00:00:00+00:00,83070.0
2015-04-06 00:00:00+00:00,74050.0
2015-04-07 00:00:00+00:00,109930.0
2015-04-08 00:00:00+00:00,79290.0
2015-04-09 00:00:00+00:00,63200.0
2015-04-10 00:00:00+00:00,99620.4375
2015-04-11 00:00:00+00:00,94100.0
2015-04-12 00:00:00+00:00,62480.0
2015-04-13 00:00:00+00:00,142500.0
2015-04-14 00:00:00+00:00,14840.0
2015-04-15 00:00:00+00:00,83690.0
2015-04-16 00:00:00+00:00,75840.0
2015-04-17 00:00:00+00:00,85190.0
2015-04-18 00:00:00+00:00,101550.0
2015-04-19 00:00:00+00:00,92100.0
2015-04-20 00:00:00+00:00,87290.0
2015-04-21 00:00:00+00:00,111120.0
2015-04-22 00:00:00+00:00,98390.0
2015-04-23 00:00:00+00:00,126540.0
2015-04-24 00:00:00+00:00,122030.0
2015-04-25 00:00:00+00:00,147120.0
2015-04-26 00:00:00+00:00,141760.0
2015-04-27 00:00:00+00:00,142200.0
2015-04-28 00:00:00+00:00,156150.0
2015-04-29 00:00:00+00:00,142890.0
2015-04-30 00:00:00+00:00,151260.0
2015-05-01 00:00:00+00:00,120430.0
2015-05-02 00:00:00+00:00,90930.0
2015-05-03 00:00:00+00:00,71080.0
2015-05-04 00:00:00+00:00,129270.0
2015-05-05 00:00:00+00:00,88550.0
2015-05-06 00:00:00+00:00,101380.0
2015-05-07 00:00:00+00:00,129160.0
2015-05-08 00:00:00+00:00,85870.0
2015-05-09 00:00:00+00:00,93720.0
2015-05-10 00:00:00+00:00,78054.890625
2015-05-11 00:00:00+00:00,83050.0
2015-05-12 00:00:00+00:00,101280.0
2015-05-13 00:00:00+00:00,127460.0
2015-05-14 00:00:00+00:00,16830.0
2015-05-15 00:00:00+00:00,490.0
2015-05-16 00:00:00+00:00,106600.0
2015-05-17 00:00:00+00:00,137660.0
2015-05-18 00:00:00+00:00,153770.0
2015-05-19 00:00:00+00:00,148810.0
2015-05-20 00:00:00+00:00,136820.0
2015-05-21 00:00:00+00:00,155450.0
2015-05-22 00:00:00+00:00,162900.0
2015-05-23 00:00:00+00:00,158000.0
2015-05-24 00:00:00+00:00,161560.0
2015-05-25 00:00:00+00:00,118500.0
2015-05-26 00:00:00+00:00,122330.0
2015-05-27 00:00:00+00:00,111380.0
2015-05-28 00:00:00+00:00,88740.0
2015-05-29 00:00:00+00:00,82340.0
2015-05-30 00:00:00+00:00,78420.0
2015-05-31 00:00:00+00:00,80550.0
2015-06-01 00:00:00+00:00,119390.0
2015-06-02 00:00:00+00:00,89550.0
2015-06-03 00:00:00+00:00,90810.0
2015-06-04 00:00:00+00:00,118030.0
2015-06-05 00:00:00+00:00,83380.0
2015-06-06 00:00:00+00:00,106170.0
2015-06-07 00:00:00+00:00,81450.0
2015-06-08 00:00:00+00:00,71920.0
2015-06-09 00:00:00+00:00,108230.0
2015-06-10 00:00:00+00:00,62802.82421875
2015-06-11 00:00:00+00:00,101130.0
2015-06-12 00:00:00+00:00,122210.0
2015-06-13 00:00:00+00:00,115380.0
2015-06-14 00:00:00+00:00,106430.0
2015-06-15 00:00:00+00:00,69010.0
2015-06-16 00:00:00+00:00,70080.0
2015-06-17 00:00:00+00:00,81580.0
2015-06-18 00:00:00+00:00,63370.0
2015-06-19 00:00:00+00:00,82630.0
2015-06-20 00:00:00+00:00,112340.0
2015-06-21 00:00:00+00:00,115540.0
2015-06-22 00:00:00+00:00,98400.0
2015-06-23 00:00:00+00:00,84920.0
2015-06-24 00:00:00+00:00,89250.0
2015-06-25 00:00:00+00:00,64490.0
2015-06-26 00:00:00+00:00,59220.0
2015-06-27 00:00:00+00:00,73090.0
2015-06-28 00:00:00+00:00,73470.0
2015-06-29 00:00:00+00:00,74900.0
2015-06-30 00:00:00+00:00,82270.0
2015-07-01 00:00:00+00:00,137410.0
2015-07-02 00:00:00+00:00,133610.0
2015-07-03 00:00:00+00:00,104910.0
2015-07-04 00:00:00+00:00,113550.0
2015-07-05 00:00:00+00:00,141190.0
2015-07-06 00:00:00+00:00,102040.0
2015-07-07 00:00:00+00:00,63280.0
2015-07-08 00:00:00+00:00,76200.0
2015-07-09 00:00:00+00:00,57330.0
2015-07-10 00:00:00+00:00,4470.0
2015-07-11 00:00:00+00:00,168230.0
2015-07-12 00:00:00+00:00,95150.0
2015-07-13 00:00:00+00:00,72350.0
2015-07-14 00:00:00+00:00,66290.0
2015-07-15 00:00:00+00:00,75340.0
2015-07-16 00:00:00+00:00,61910.0
2015-07-17 00:00:00+00:00,73790.0
2015-07-18 00:00:00+00:00,88300.0
2015-07-19 00:00:00+00:00,87810.0
2015-07-20 00:00:00+00:00,66600.0
2015-07-21 00:00:00+00:00,82190.0
2015-07-22 00:00:00+00:00,78520.0
2015-07-23 00:00:00+00:00,98260.0
2015-07-24 00:00:00+00:00,74690.0
2015-07-25 00:00:00+00:00,106360.0
2015-07-26 00:00:00+00:00,89660.0
2015-07-27 00:00:00+00:00,80970.0
2015-07-28 00:00:00+00:00,108320.0
2015-07-29 00:00:00+00:00,106350.0
2015-07-30 00:00:00+00:00,106200.0
2015-07-31 00:00:00+00:00,93040.0
2015-08-01 00:00:00+00:00,27010.0
2015-08-02 00:00:00+00:00,105010.0
2015-08-03 00:00:00+00:00,90170.0
2015-08-04 00:00:00+00:00,108630.0
2015-08-05 00:00:00+00:00,100300.0
2015-08-06 00:00:00+00:00,81520.0
2015-08-07 00:00:00+00:00,72570.0
2015-08-08 00:00:00+00:00,156850.0
2015-08-09 00:00:00+00:00,87410.0
2015-08-10 00:00:00+00:00,72300.0
2015-08-11 00:00:00+00:00,133930.0
2015-08-12 00:00:00+00:00,89930.0
2015-08-13 00:00:00+00:00,58511.3515625
2015-08-14 00:00:00+00:00,69098.375
2015-08-15 00:00:00+00:00,186090.0
2015-08-16 00:00:00+00:00,87318.5625
2015-08-17 00:00:00+00:00,91710.0
2015-08-18 00:00:00+00:00,81410.0
2015-08-19 00:00:00+00:00,205140.0
2015-08-20 00:00:00+00:00,71247.484375
2015-08-21 00:00:00+00:00,50710.0
2015-08-22 00:00:00+00:00,116846.2890625
2015-08-23 00:00:00+00:00,61497.24609375
2015-08-24 00:00:00+00:00,73740.0
2015-08-25 00:00:00+00:00,76580.0
2015-08-26 00:00:00+00:00,143730.0
2015-08-27 00:00:00+00:00,52652.0546875
2015-08-28 00:00:00+00:00,96000.0
2015-08-29 00:00:00+00:00,126070.0
2015-08-30 00:00:00+00:00,170390.0
2015-08-31 00:00:00+00:00,135680.0
2015-09-01 00:00:00+00:00,20740.0
2015-09-02 00:00:00+00:00,79840.0
2015-09-03 00:00:00+00:00,98360.0
2015-09-04 00:00:00+00:00,113690.0
2015-09-05 00:00:00+00:00,113510.0
2015-09-06 00:00:00+00:00,78490.0
2015-09-07 00:00:00+00:00,64760.0
2015-09-08 00:00:00+00:00,78143.078125
2015-09-09 00:00:00+00:00,74350.0
2015-09-10 00:00:00+00:00,74090.0
2015-09-11 00:00:00+00:00,94460.0
2015-09-12 00:00:00+00:00,79540.0
2015-09-13 00:00:00+00:00,112500.0
2015-09-14 00:00:00+00:00,69700.0
2015-09-15 00:00:00+00:00,71130.0
2015-09-16 00:00:00+00:00,81880.0
2015-09-17 00:00:00+00:00,80500.0
2015-09-18 00:00:00+00:00,71300.0
2015-09-19 00:00:00+00:00,121000.0
2015-09-20 00:00:00+00:00,106730.0
2015-09-21 00:00:00+00:00,83070.0
2015-09-22 00:00:00+00:00,74360.0
2015-09-23 00:00:00+00:00,76370.0
2015-09-24 00:00:00+00:00,83940.0
2015-09-25 00:00:00+00:00,65320.0
2015-09-26 00:00:00+00:00,23880.0
2015-09-27 00:00:00+00:00,82420.0
2015-09-28 00:00:00+00:00,78340.0
2015-09-29 00:00:00+00:00,75410.0
2015-09-30 00:00:00+00:00,87860.0
2015-10-01 00:00:00+00:00,94580.0
2015-10-02 00:00:00+00:00,83700.0
2015-10-03 00:00:00+00:00,63010.0
2015-10-04 00:00:00+00:00,135890.0
2015-10-05 00:00:00+00:00,91200.8828125
2015-10-06 00:00:00+00:00,70140.0
2015-10-07 00:00:00+00:00,71240.0
2015-10-08 00:00:00+00:00,194170.0
2015-10-09 00:00:00+00:00,72150.0
2015-10-10 00:00:00+00:00,106400.0
2015-10-11 00:00:00+00:00,83760.0
2015-10-12 00:00:00+00:00,76190.0
2015-10-13 00:00:00+00:00,68000.0
2015-10-14 00:00:00+00:00,88590.0
2015-10-15 00:00:00+00:00,67100.0
2015-10-16 00:00:00+00:00,80020.0
2015-10-17 00:00:00+00:00,136080.0
2015-10-18 00:00:00+00:00,127800.0
2015-10-19 00:00:00+00:00,88570.0
2015-10-20 00:00:00+00:00,64640.0
2015-10-21 00:00:00+00:00,87620.0
2015-10-22 00:00:00+00:00,77640.0
2015-10-23 00:00:00+00:00,87410.0
2015-10-24 00:00:00+00:00,141970.0
2015-10-25 00:00:00+00:00,138790.0
2015-10-26 00:00:00+00:00,102920.0
2015-10-27 00:00:00+00:00,79990.0
2015-10-28 00:00:00+00:00,85600.0
2015-10-29 00:00:00+00:00,86050.0
2015-10-30 00:00:00+00:00,106040.0
2015-10-31 00:00:00+00:00,153730.0
2015-11-01 00:00:00+00:00,102020.0
2015-11-02 00:00:00+00:00,69220.0
2015-11-03 00:00:00+00:00,67170.0
2015-11-04 00:00:00+00:00,142850.0
2015-11-05 00:00:00+00:00,113877.9453125
2015-11-06 00:00:00+00:00,70670.0
2015-11-07 00:00:00+00:00,98510.0
2015-11-08 00:00:00+00:00,74410.2109375
2015-11-09 00:00:00+00:00,66360.0
2015-11-10 00:00:00+00:00,112110.0
2015-11-11 00:00:00+00:00,90250.0
2015-11-12 00:00:00+00:00,77690.0
2015-11-13 00:00:00+00:00,88630.0
2015-11-14 00:00:00+00:00,155210.0
2015-11-15 00:00:00+00:00,17000.0
2015-11-16 00:00:00+00:00,155590.0
2015-11-17 00:00:00+00:00,150600.0
2015-11-18 00:00:00+00:00,100180.0
2015-11-19 00:00:00+00:00,80710.0
2015-11-20 00:00:00+00:00,107920.0
2015-11-21 00:00:00+00:00,158510.0
2015-11-22 00:00:00+00:00,113530.0
2015-11-23 00:00:00+00:00,85650.0
2015-11-24 00:00:00+00:00,66220.0
2015-11-25 00:00:00+00:00,65890.0
2015-11-26 00:00:00+00:00,72930.0
2015-11-27 00:00:00+00:00,67240.0
2015-11-28 00:00:00+00:00,132550.0
2015-11-29 00:00:00+00:00,115890.0
2015-11-30 00:00:00+00:00,75720.0
2015-12-01 00:00:00+00:00,112300.0
2015-12-02 00:00:00+00:00,103480.0
2015-12-03 00:00:00+00:00,83560.0
2015-12-04 00:00:00+00:00,130310.0
2015-12-05 00:00:00+00:00,1990.0
2015-12-06 00:00:00+00:00,66830.0
2015-12-07 00:00:00+00:00,87580.0
2015-12-08 00:00:00+00:00,221570.0
2015-12-09 00:00:00+00:00,131450.0
2015-12-10 00:00:00+00:00,106250.0
2015-12-11 00:00:00+00:00,73690.0
2015-12-12 00:00:00+00:00,133350.0
2015-12-13 00:00:00+00:00,136210.0
2015-12-14 00:00:00+00:00,89450.0
2015-12-15 00:00:00+00:00,83850.0
2015-12-16 00:00:00+00:00,82710.0
2015-12-17 00:00:00+00:00,71200.0
2015-12-18 00:00:00+00:00,79760.0
2015-12-19 00:00:00+00:00,102830.0
2015-12-20 00:00:00+00:00,116670.0
2015-12-21 00:00:00+00:00,80530.0
2015-12-22 00:00:00+00:00,100800.0
2015-12-23 00:00:00+00:00,89420.0
2015-12-24 00:00:00+00:00,107310.0
2015-12-25 00:00:00+00:00,76250.0
2015-12-26 00:00:00+00:00,103120.0
2015-12-27 00:00:00+00:00,101770.0
2015-12-28 00:00:00+00:00,84040.0
2015-12-29 00:00:00+00:00,82240.0
2015-12-30 00:00:00+00:00,111310.0
2015-12-31 00:00:00+00:00,102620.0
2016-01-01 00:00:00+00:00,48810.0
2016-01-02 00:00:00+00:00,89080.0
2016-01-03 00:00:00+00:00,70050.0
2016-01-04 00:00:00+00:00,62330.0
2016-01-05 00:00:00+00:00,8530.0
2016-01-06 00:00:00+00:00,81082.1640625
2016-01-07 00:00:00+00:00,96183.640625
2016-01-08 00:00:00+00:00,57716.05859375
2016-01-09 00:00:00+00:00,65340.0
2016-01-10 00:00:00+00:00,101440.0
2016-01-11 00:00:00+00:00,75890.0
2016-01-12 00:00:00+00:00,81410.0
2016-01-13 00:00:00+00:00,67500.0
2016-01-14 00:00:00+00:00,65500.0
2016-01-15 00:00:00+00:00,53200.0
2016-01-16 00:00:00+00:00,85460.0
2016-01-17 00:00:00+00:00,70470.0
2016-01-18 00:00:00+00:00,74060.0
2016-01-19 00:00:00+00:00,70770.0
2016-01-20 00:00:00+00:00,52780.0
2016-01-21 00:00:00+00:00,77860.0
2016-01-22 00:00:00+00:00,89260.0
2016-01-23 00:00:00+00:00,68940.0
2016-01-24 00:00:00+00:00,87630.0
2016-01-25 00:00:00+00:00,65910.0
2016-01-26 00:00:00+00:00,81450.0
2016-01-27 00:00:00+00:00,72070.0
2016-01-28 00:00:00+00:00,77410.0
2016-01-29 00:00:00+00:00,78770.0
2016-01-30 00:00:00+00:00,83310.0
2016-01-31 00:00:00+00:00,91410.0
2016-02-01 00:00:00+00:00,97670.0
2016-02-02 00:00:00+00:00,75130.0
2016-02-03 00:00:00+00:00,60540.0
2016-02-04 00:00:00+00:00,78160.0
2016-02-05 00:00:00+00:00,102640.0
2016-02-06 00:00:00+00:00,79438.703125
2016-02-07 00:00:00+00:00,86458.546875
2016-02-08 00:00:00+00:00,92483.0234375
2016-02-09 00:00:00+00:00,47320.0
2016-02-10 00:00:00+00:00,75430.0
2016-02-11 00:00:00+00:00,76360.0
2016-02-12 00:00:00+00:00,57660.0
2016-02-13 00:00:00+00:00,87070.0
2016-02-14 00:00:00+00:00,100610.0
2016-02-15 00:00:00+00:00,84670.0
2016-02-16 00:00:00+00:00,67070.0
2016-02-17 00:00:00+00:00,74160.0
2016-02-18 00:00:00+00:00,65510.0
2016-02-19 00:00:00+00:00,67760.0
2016-02-20 00:00:00+00:00,89450.0
2016-02-21 00:00:00+00:00,101090.0
2016-02-22 00:00:00+00:00,63760.0
2016-02-23 00:00:00+00:00,72720.0
2016-02-24 00:00:00+00:00,64010.0
2016-02-25 00:00:00+00:00,64080.0
2016-02-26 00:00:00+00:00,71530.0
2016-02-27 00:00:00+00:00,99790.0
2016-02-28 00:00:00+00:00,89770.0
2016-02-29 00:00:00+00:00,78340.0
2016-03-01 00:00:00+00:00,102560.0
2016-03-02 00:00:00+00:00,89090.0
2016-03-03 00:00:00+00:00,58030.0
2016-03-04 00:00:00+00:00,78840.0
2016-03-05 00:00:00+00:00,77350.0
2016-03-06 00:00:00+00:00,95564.296875
2016-03-07 00:00:00+00:00,106517.96875
2016-03-08 00:00:00+00:00,80654.2109375
2016-03-09 00:00:00+00:00,93110.0
2016-03-10 00:00:00+00:00,65690.0
2016-03-11 00:00:00+00:00,81860.0
2016-03-12 00:00:00+00:00,110380.0
2016-03-13 00:00:00+00:00,68280.0
2016-03-14 00:00:00+00:00,54410.0
2016-03-15 00:00:00+00:00,74220.0
2016-03-16 00:00:00+00:00,58890.0
2016-03-17 00:00:00+00:00,54900.0
2016-03-18 00:00:00+00:00,68110.0
2016-03-19 00:00:00+00:00,88680.0
2016-03-20 00:00:00+00:00,79410.0
2016-03-21 00:00:00+00:00,72400.0
2016-03-22 00:00:00+00:00,71210.0
2016-03-23 00:00:00+00:00,56930.0
2016-03-24 00:00:00+00:00,66320.0
2016-03-25 00:00:00+00:00,56780.0
2016-03-26 00:00:00+00:00,76070.0
2016-03-27 00:00:00+00:00,64060.0
2016-03-28 00:00:00+00:00,57100.0
2016-03-29 00:00:00+00:00,75740.0
2016-03-30 00:00:00+00:00,71450.0
2016-03-31 00:00:00+00:00,68530.0
2016-04-01 00:00:00+00:00,75760.0
2016-04-02 00:00:00+00:00,43360.0
2016-04-03 00:00:00+00:00,72630.0
2016-04-04 00:00:00+00:00,58030.0
2016-04-05 00:00:00+00:00,81490.0
2016-04-06 00:00:00+00:00,94212.0859375
2016-04-07 00:00:00+00:00,83193.8046875
2016-04-08 00:00:00+00:00,79501.4609375
2016-04-09 00:00:00+00:00,93440.0
2016-04-10 00:00:00+00:00,82890.0
2016-04-11 00:00:00+00:00,82500.0
2016-04-12 00:00:00+00:00,85710.0
2016-04-13 00:00:00+00:00,75890.0
2016-04-14 00:00:00+00:00,48600.0
2016-04-15 00:00:00+00:00,70060.0
2016-04-16 00:00:00+00:00,85890.0
2016-04-17 00:00:00+00:00,70720.0
2016-04-18 00:00:00+00:00,52330.0
2016-04-19 00:00:00+00:00,66550.0
2016-04-20 00:00:00+00:00,87550.0
2016-04-21 00:00:00+00:00,48340.0
2016-04-22 00:00:00+00:00,14550.0
2016-04-23 00:00:00+00:00,122570.0
2016-04-24 00:00:00+00:00,88970.0
2016-04-25 00:00:00+00:00,81760.0
2016-04-26 00:00:00+00:00,71040.0
2016-04-27 00:00:00+00:00,67610.0
2016-04-28 00:00:00+00:00,67400.0
2016-04-29 00:00:00+00:00,57850.0
2016-04-30 00:00:00+00:00,110580.0
2016-05-01 00:00:00+00:00,85300.0
2016-05-02 00:00:00+00:00,71680.0
2016-05-03 00:00:00+00:00,78250.0
2016-05-04 00:00:00+00:00,8080.0
2016-05-05 00:00:00+00:00,101860.0
2016-05-06 00:00:00+00:00,89483.828125
2016-05-07 00:00:00+00:00,76704.0078125
2016-05-08 00:00:00+00:00,84160.484375
2016-05-09 00:00:00+00:00,68880.0
2016-05-10 00:00:00+00:00,68920.0
2016-05-11 00:00:00+00:00,94760.0
2016-05-12 00:00:00+00:00,63940.0
2016-05-13 00:00:00+00:00,100730.0
2016-05-14 00:00:00+00:00,119040.0
2016-05-15 00:00:00+00:00,0.0
2016-05-16 00:00:00+00:00,67960.6171875
2016-05-17 00:00:00+00:00,84650.3203125
2016-05-18 00:00:00+00:00,87527.15625
2016-05-19 00:00:00+00:00,76347.453125
2016-05-20 00:00:00+00:00,46929.58984375
2016-05-21 00:00:00+00:00,91271.8203125
2016-05-22 00:00:00+00:00,105689.34375
2016-05-23 00:00:00+00:00,84070.7109375
2016-05-24 00:00:00+00:00,89929.703125
2016-05-25 00:00:00+00:00,85870.078125
2016-05-26 00:00:00+00:00,56424.91015625
2016-05-27 00:00:00+00:00,76097.265625
2016-05-28 00:00:00+00:00,108750.5
2016-05-29 00:00:00+00:00,65814.96875
2016-05-30 00:00:00+00:00,96557.796875
2016-05-31 00:00:00+00:00,103089.46875
2016-06-01 00:00:00+00:00,65640.0
2016-06-02 00:00:00+00:00,78520.0
2016-06-03 00:00:00+00:00,72850.0
2016-06-04 00:00:00+00:00,83030.0
2016-06-05 00:00:00+00:00,93030.0
2016-06-06 00:00:00+00:00,73124.3046875
2016-06-07 00:00:00+00:00,106962.7734375
2016-06-08 00:00:00+00:00,55222.4765625
2016-06-09 00:00:00+00:00,69210.0
2016-06-10 00:00:00+00:00,68070.0
2016-06-11 00:00:00+00:00,114320.0
2016-06-12 00:00:00+00:00,73290.0
2016-06-13 00:00:00+00:00,90556.2421875
2016-06-14 00:00:00+00:00,93833.65625
2016-06-15 00:00:00+00:00,87515.8359375
2016-06-16 00:00:00+00:00,90183.3671875
2016-06-17 00:00:00+00:00,83546.625
2016-06-18 00:00:00+00:00,90463.265625
2016-06-19 00:00:00+00:00,89459.3203125
2016-06-20 00:00:00+00:00,93999.3125
2016-06-21 00:00:00+00:00,82471.546875
2016-06-22 00:00:00+00:00,90453.15625
2016-06-23 00:00:00+00:00,86867.1953125
2016-06-24 00:00:00+00:00,85902.2109375
2016-06-25 00:00:00+00:00,105810.2421875
2016-06-26 00:00:00+00:00,105582.0234375
2016-06-27 00:00:00+00:00,83244.4375
2016-06-28 00:00:00+00:00,115456.390625
2016-06-29 00:00:00+00:00,84083.1484375
2016-06-30 00:00:00+00:00,93759.9140625
2016-07-01 00:00:00+00:00,88170.0
2016-07-02 00:00:00+00:00,80940.0
2016-07-03 00:00:00+00:00,70220.0
2016-07-04 00:00:00+00:00,73470.0
2016-07-05 00:00:00+00:00,157440.0
2016-07-06 00:00:00+00:00,87058.734375
2016-07-07 00:00:00+00:00,81891.6796875
2016-07-08 00:00:00+00:00,91324.125
2016-07-09 00:00:00+00:00,68590.0
2016-07-10 00:00:00+00:00,72860.0
2016-07-11 00:00:00+00:00,103980.0
2016-07-12 00:00:00+00:00,75060.0
2016-07-13 00:00:00+00:00,83215.8203125
2016-07-14 00:00:00+00:00,87190.625
2016-07-15 00:00:00+00:00,74484.1875
2016-07-16 00:00:00+00:00,91500.28125
2016-07-17 00:00:00+00:00,97853.3125
2016-07-18 00:00:00+00:00,89168.3203125
2016-07-19 00:00:00+00:00,100709.8671875
2016-07-20 00:00:00+00:00,87796.9375
2016-07-21 00:00:00+00:00,89160.03125
2016-07-22 00:00:00+00:00,86611.1484375
2016-07-23 00:00:00+00:00,95282.234375
2016-07-24 00:00:00+00:00,108588.546875
2016-07-25 00:00:00+00:00,99973.765625
2016-07-26 00:00:00+00:00,92563.3984375
2016-07-27 00:00:00+00:00,77077.046875
2016-07-28 00:00:00+00:00,84329.2421875
2016-07-29 00:00:00+00:00,72505.671875
2016-07-30 00:00:00+00:00,96963.9140625
2016-07-31 00:00:00+00:00,101816.75
2016-08-01 00:00:00+00:00,86360.0
2016-08-02 00:00:00+00:00,88620.0
2016-08-03 00:00:00+00:00,64480.0
2016-08-04 00:00:00+00:00,66120.0
2016-08-05 00:00:00+00:00,110030.0
2016-08-06 00:00:00+00:00,83974.4765625
2016-08-07 00:00:00+00:00,78638.484375
2016-08-08 00:00:00+00:00,84979.796875
2016-08-09 00:00:00+00:00,66210.0
2016-08-10 00:00:00+00:00,81640.0
2016-08-11 00:00:00+00:00,96920.0
2016-08-12 00:00:00+00:00,81970.0
2016-08-13 00:00:00+00:00,68000.0
2016-08-14 00:00:00+00:00,80220.0
2016-08-15 00:00:00+00:00,83130.0
2016-08-16 00:00:00+00:00,74540.0
2016-08-17 00:00:00+00:00,57850.0
2016-08-18 00:00:00+00:00,74220.0
2016-08-19 00:00:00+00:00,63990.0
2016-08-20 00:00:00+00:00,102160.0
2016-08-21 00:00:00+00:00,83420.0
2016-08-22 00:00:00+00:00,84010.0
2016-08-23 00:00:00+00:00,94242.1328125
2016-08-24 00:00:00+00:00,81429.0234375
2016-08-25 00:00:00+00:00,87788.875
2016-08-26 00:00:00+00:00,89163.546875
2016-08-27 00:00:00+00:00,83003.609375
2016-08-28 00:00:00+00:00,97799.8359375
2016-08-29 00:00:00+00:00,58030.0
2016-08-30 00:00:00+00:00,75470.0
2016-08-31 00:00:00+00:00,71650.0
2016-09-01 00:00:00+00:00,102600.0
2016-09-02 00:00:00+00:00,77650.0
2016-09-03 00:00:00+00:00,62790.0
2016-09-04 00:00:00+00:00,93410.0
2016-09-05 00:00:00+00:00,77660.0
2016-09-06 00:00:00+00:00,89638.2734375
2016-09-07 00:00:00+00:00,87868.109375
2016-09-08 00:00:00+00:00,93814.9140625
2016-09-09 00:00:00+00:00,51770.0
2016-09-10 00:00:00+00:00,89880.0
2016-09-11 00:00:00+00:00,75030.0
2016-09-12 00:00:00+00:00,67980.0
2016-09-13 00:00:00+00:00,73420.0
2016-09-14 00:00:00+00:00,64460.0
2016-09-15 00:00:00+00:00,67440.0
2016-09-16 00:00:00+00:00,48570.0
2016-09-17 00:00:00+00:00,107620.0
2016-09-18 00:00:00+00:00,81240.0
2016-09-19 00:00:00+00:00,79660.0
2016-09-20 00:00:00+00:00,67890.0
2016-09-21 00:00:00+00:00,62310.0
2016-09-22 00:00:00+00:00,67850.0
2016-09-23 00:00:00+00:00,71150.0
2016-09-24 00:00:00+00:00,94650.0
2016-09-25 00:00:00+00:00,74350.0
2016-09-26 00:00:00+00:00,65000.0
2016-09-27 00:00:00+00:00,62780.0
2016-09-28 00:00:00+00:00,66480.0
2016-09-29 00:00:00+00:00,77890.0
2016-09-30 00:00:00+00:00,55670.0
2016-10-01 00:00:00+00:00,89100.0
2016-10-02 00:00:00+00:00,79370.0
2016-10-03 00:00:00+00:00,108160.0
2016-10-04 00:00:00+00:00,120740.0
2016-10-05 00:00:00+00:00,78700.0
2016-10-06 00:00:00+00:00,79172.4765625
2016-10-07 00:00:00+00:00,75046.5625
2016-10-08 00:00:00+00:00,78346.4375
2016-10-09 00:00:00+00:00,87370.0
2016-10-10 00:00:00+00:00,86330.0
2016-10-11 00:00:00+00:00,77130.0
2016-10-12 00:00:00+00:00,126910.0
2016-10-13 00:00:00+00:00,72260.0
2016-10-14 00:00:00+00:00,69790.0
2016-10-15 00:00:00+00:00,79410.0
2016-10-16 00:00:00+00:00,89830.0
2016-10-17 00:00:00+00:00,96790.0
2016-10-18 00:00:00+00:00,80530.0
2016-10-19 00:00:00+00:00,53190.0
2016-10-20 00:00:00+00:00,87590.0
2016-10-21 00:00:00+00:00,71340.0
2016-10-22 00:00:00+00:00,106460.0
2016-10-23 00:00:00+00:00,102180.0
2016-10-24 00:00:00+00:00,96450.0
2016-10-25 00:00:00+00:00,83410.0
2016-10-26 00:00:00+00:00,75030.0
2016-10-27 00:00:00+00:00,21180.0
2016-10-28 00:00:00+00:00,72250.0
2016-10-29 00:00:00+00:00,109530.0
2016-10-30 00:00:00+00:00,90220.0
2016-10-31 00:00:00+00:00,85070.0
2016-11-01 00:00:00+00:00,76690.0
2016-11-02 00:00:00+00:00,71660.0
2016-11-03 00:00:00+00:00,84360.0
2016-11-04 00:00:00+00:00,130260.0
2016-11-05 00:00:00+00:00,58380.0
2016-11-06 00:00:00+00:00,100055.8984375
2016-11-07 00:00:00+00:00,108137.921875
2016-11-08 00:00:00+00:00,87152.140625
2016-11-09 00:00:00+00:00,79250.0
2016-11-10 00:00:00+00:00,61830.0
2016-11-11 00:00:00+00:00,98850.0
2016-11-12 00:00:00+00:00,90880.0
2016-11-13 00:00:00+00:00,110160.0
2016-11-14 00:00:00+00:00,51520.0
2016-11-15 00:00:00+00:00,74660.0
2016-11-16 00:00:00+00:00,80910.0
2016-11-17 00:00:00+00:00,87480.0
2016-11-18 00:00:00+00:00,85300.0
2016-11-19 00:00:00+00:00,114520.0
2016-11-20 00:00:00+00:00,114850.0
2016-11-21 00:00:00+00:00,84110.0
2016-11-22 00:00:00+00:00,87040.0
2016-11-23 00:00:00+00:00,80120.0
2016-11-24 00:00:00+00:00,89050.0
2016-11-25 00:00:00+00:00,85050.0
2016-11-26 00:00:00+00:00,100780.0
2016-11-27 00:00:00+00:00,100010.0
2016-11-28 00:00:00+00:00,89320.0
2016-11-29 00:00:00+00:00,89530.0
2016-11-30 00:00:00+00:00,68560.0
2016-12-01 00:00:00+00:00,64270.0
2016-12-02 00:00:00+00:00,70610.0
2016-12-03 00:00:00+00:00,92690.0
2016-12-04 00:00:00+00:00,140210.0
2016-12-05 00:00:00+00:00,66690.0
2016-12-06 00:00:00+00:00,100621.6171875
2016-12-07 00:00:00+00:00,80161.765625
2016-12-08 00:00:00+00:00,85597.5859375
2016-12-09 00:00:00+00:00,69270.0
2016-12-10 00:00:00+00:00,76360.0
2016-12-11 00:00:00+00:00,115630.0
2016-12-12 00:00:00+00:00,76000.0
2016-12-13 00:00:00+00:00,58080.0
2016-12-14 00:00:00+00:00,64390.0
2016-12-15 00:00:00+00:00,80510.0
2016-12-16 00:00:00+00:00,72380.0
2016-12-17 00:00:00+00:00,105450.0
2016-12-18 00:00:00+00:00,113190.0
2016-12-19 00:00:00+00:00,58590.0
2016-12-20 00:00:00+00:00,65490.0
2016-12-21 00:00:00+00:00,62670.0
2016-12-22 00:00:00+00:00,95390.0
2016-12-23 00:00:00+00:00,93980.0
2016-12-24 00:00:00+00:00,123580.0
2016-12-25 00:00:00+00:00,75090.0
2016-12-26 00:00:00+00:00,83730.0
2016-12-27 00:00:00+00:00,71820.0
2016-12-28 00:00:00+00:00,83500.0
2016-12-29 00:00:00+00:00,85160.0
2016-12-30 00:00:00+00:00,90930.0
2016-12-31 00:00:00+00:00,130720.0
2017-01-01 00:00:00+00:00,90080.0
2017-01-02 00:00:00+00:00,77320.0
2017-01-03 00:00:00+00:00,61830.0
2017-01-04 00:00:00+00:00,7540.0
2017-01-05 00:00:00+00:00,8830.0
2017-01-06 00:00:00+00:00,89850.0
2017-01-07 00:00:00+00:00,123380.0
2017-01-08 00:00:00+00:00,83310.0
2017-01-09 00:00:00+00:00,63510.0
2017-01-10 00:00:00+00:00,112270.0
2017-01-11 00:00:00+00:00,85190.0
2017-01-12 00:00:00+00:00,44230.0
2017-01-13 00:00:00+00:00,2680.0
2017-01-14 00:00:00+00:00,92650.0
2017-01-15 00:00:00+00:00,94600.0
2017-01-16 00:00:00+00:00,14780.0
2017-01-17 00:00:00+00:00,54355.03125
2017-01-18 00:00:00+00:00,49290.0
2017-01-19 00:00:00+00:00,72990.0
2017-01-20 00:00:00+00:00,67010.0
2017-01-21 00:00:00+00:00,81940.0
2017-01-22 00:00:00+00:00,94800.0
2017-01-23 00:00:00+00:00,93450.0
2017-01-24 00:00:00+00:00,81460.0
2017-01-25 00:00:00+00:00,69440.0
2017-01-26 00:00:00+00:00,81950.0
2017-01-27 00:00:00+00:00,73520.0
2017-01-28 00:00:00+00:00,115050.0
2017-01-29 00:00:00+00:00,130220.0
2017-01-30 00:00:00+00:00,103930.0
2017-01-31 00:00:00+00:00,85320.0
2017-02-01 00:00:00+00:00,83320.0
2017-02-02 00:00:00+00:00,67250.0
2017-02-03 00:00:00+00:00,71400.0
2017-02-04 00:00:00+00:00,92220.0
2017-02-05 00:00:00+00:00,75350.0
2017-02-06 00:00:00+00:00,68680.0
2017-02-07 00:00:00+00:00,132600.0
2017-02-08 00:00:00+00:00,73080.0
2017-02-09 00:00:00+00:00,104740.0
2017-02-10 00:00:00+00:00,104840.0
2017-02-11 00:00:00+00:00,81780.0
2017-02-12 00:00:00+00:00,150930.0
2017-02-13 00:00:00+00:00,67260.0
2017-02-14 00:00:00+00:00,85080.0
2017-02-15 00:00:00+00:00,50630.0
2017-02-16 00:00:00+00:00,62870.0
2017-02-17 00:00:00+00:00,87470.0
2017-02-18 00:00:00+00:00,123150.0
2017-02-19 00:00:00+00:00,76760.0
2017-02-20 00:00:00+00:00,79880.0
2017-02-21 00:00:00+00:00,70840.0
2017-02-22 00:00:00+00:00,60450.0
2017-02-23 00:00:00+00:00,69060.0
2017-02-24 00:00:00+00:00,29420.0
2017-02-25 00:00:00+00:00,114140.0
2017-02-26 00:00:00+00:00,95190.0
2017-02-27 00:00:00+00:00,95970.0
2017-02-28 00:00:00+00:00,82860.0
2017-03-01 00:00:00+00:00,66550.0
2017-03-02 00:00:00+00:00,116670.0
2017-03-03 00:00:00+00:00,68830.0
2017-03-04 00:00:00+00:00,104640.0
2017-03-05 00:00:00+00:00,79850.0
2017-03-06 00:00:00+00:00,129750.0
2017-03-07 00:00:00+00:00,96510.0
2017-03-08 00:00:00+00:00,77600.0
2017-03-09 00:00:00+00:00,107230.0
2017-03-10 00:00:00+00:00,98220.0
2017-03-11 00:00:00+00:00,59900.0
2017-03-12 00:00:00+00:00,114610.0
2017-03-13 00:00:00+00:00,86030.0
2017-03-14 00:00:00+00:00,69800.0
2017-03-15 00:00:00+00:00,69620.0
2017-03-16 00:00:00+00:00,91470.0
2017-03-17 00:00:00+00:00,75620.0
2017-03-18 00:00:00+00:00,120280.0
2017-03-19 00:00:00+00:00,81000.0
2017-03-20 00:00:00+00:00,97930.0
2017-03-21 00:00:00+00:00,85340.0
2017-03-22 00:00:00+00:00,65940.0
2017-03-23 00:00:00+00:00,95900.0
2017-03-24 00:00:00+00:00,55880.0
2017-03-25 00:00:00+00:00,97580.0
2017-03-26 00:00:00+00:00,95540.0
2017-03-27 00:00:00+00:00,81590.0
2017-03-28 00:00:00+00:00,86540.0
2017-03-29 00:00:00+00:00,81030.0
2017-03-30 00:00:00+00:00,71570.0
2017-03-31 00:00:00+00:00,91310.0
2017-04-01 00:00:00+00:00,83740.0
2017-04-02 00:00:00+00:00,106990.0
2017-04-03 00:00:00+00:00,120520.0
2017-04-04 00:00:00+00:00,92510.0
2017-04-05 00:00:00+00:00,73490.0
2017-04-06 00:00:00+00:00,109890.0
2017-04-07 00:00:00+00:00,73930.0
2017-04-08 00:00:00+00:00,74610.0
2017-04-09 00:00:00+00:00,70390.0
2017-04-10 00:00:00+00:00,96840.0
2017-04-11 00:00:00+00:00,146220.0
2017-04-12 00:00:00+00:00,119870.0
2017-04-13 00:00:00+00:00,91170.0
2017-04-14 00:00:00+00:00,35030.0
2017-04-15 00:00:00+00:00,70850.0
2017-04-16 00:00:00+00:00,66410.0
2017-04-17 00:00:00+00:00,56760.0
2017-04-18 00:00:00+00:00,77400.0
2017-04-19 00:00:00+00:00,57060.0
2017-04-20 00:00:00+00:00,71110.0
2017-04-21 00:00:00+00:00,66500.0
2017-04-22 00:00:00+00:00,82200.0
2017-04-23 00:00:00+00:00,91220.0
2017-04-24 00:00:00+00:00,68160.0
2017-04-25 00:00:00+00:00,93990.0
2017-04-26 00:00:00+00:00,70490.0
2017-04-27 00:00:00+00:00,76580.0
2017-04-28 00:00:00+00:00,69850.0
2017-04-29 00:00:00+00:00,113800.0
2017-04-30 00:00:00+00:00,89010.0
2017-05-01 00:00:00+00:00,75900.0
2017-05-02 00:00:00+00:00,95240.0
2017-05-03 00:00:00+00:00,88500.0
2017-05-04 00:00:00+00:00,75730.0
2017-05-05 00:00:00+00:00,76770.0
2017-05-06 00:00:00+00:00,77410.0
2017-05-07 00:00:00+00:00,90680.0
2017-05-08 00:00:00+00:00,92560.0
2017-05-09 00:00:00+00:00,48040.0
2017-05-10 00:00:00+00:00,55590.0
2017-05-11 00:00:00+00:00,107440.0
2017-05-12 00:00:00+00:00,98370.0
2017-05-13 00:00:00+00:00,110520.0
2017-05-14 00:00:00+00:00,106380.0
2017-05-15 00:00:00+00:00,87510.0
2017-05-16 00:00:00+00:00,94310.0
2017-05-17 00:00:00+00:00,78220.0
2017-05-18 00:00:00+00:00,68230.0
2017-05-19 00:00:00+00:00,82580.0
2017-05-20 00:00:00+00:00,129280.0
2017-05-21 00:00:00+00:00,64240.0
2017-05-22 00:00:00+00:00,96770.0
2017-05-23 00:00:00+00:00,94740.0
2017-05-24 00:00:00+00:00,70440.0
2017-05-25 00:00:00+00:00,73520.0
2017-05-26 00:00:00+00:00,72280.0
2017-05-27 00:00:00+00:00,123990.0
2017-05-28 00:00:00+00:00,117770.0
2017-05-29 00:00:00+00:00,111220.0
2017-05-30 00:00:00+00:00,102540.0
2017-05-31 00:00:00+00:00,85830.0
2017-06-01 00:00:00+00:00,72950.0
2017-06-02 00:00:00+00:00,78580.0
2017-06-03 00:00:00+00:00,66170.0
2017-06-04 00:00:00+00:00,85310.0
2017-06-05 00:00:00+00:00,109280.0
2017-06-06 00:00:00+00:00,83490.0
2017-06-07 00:00:00+00:00,86570.0
2017-06-08 00:00:00+00:00,129080.0
2017-06-09 00:00:00+00:00,98950.0
2017-06-10 00:00:00+00:00,81640.0
2017-06-11 00:00:00+00:00,123270.0
2017-06-12 00:00:00+00:00,103900.0
2017-06-13 00:00:00+00:00,93670.0
2017-06-14 00:00:00+00:00,68070.0
2017-06-15 00:00:00+00:00,91210.0
2017-06-16 00:00:00+00:00,67160.0
2017-06-17 00:00:00+00:00,142720.0
2017-06-18 00:00:00+00:00,117880.0
2017-06-19 00:00:00+00:00,90440.0
2017-06-20 00:00:00+00:00,93700.0
2017-06-21 00:00:00+00:00,76450.0
2017-06-22 00:00:00+00:00,82640.0
2017-06-23 00:00:00+00:00,74550.0
2017-06-24 00:00:00+00:00,102430.0
2017-06-25 00:00:00+00:00,49050.0
2017-06-26 00:00:00+00:00,102620.0
2017-06-27 00:00:00+00:00,79100.0
2017-06-28 00:00:00+00:00,72840.0
2017-06-29 00:00:00+00:00,91760.0
2017-06-30 00:00:00+00:00,81930.0
2017-07-01 00:00:00+00:00,103650.0
2017-07-02 00:00:00+00:00,76000.0
2017-07-03 00:00:00+00:00,73930.0
2017-07-04 00:00:00+00:00,102160.0
2017-07-05 00:00:00+00:00,93220.0
2017-07-06 00:00:00+00:00,98900.0
2017-07-07 00:00:00+00:00,84400.0
2017-07-08 00:00:00+00:00,66990.0
2017-07-09 00:00:00+00:00,83760.0
2017-07-10 00:00:00+00:00,145380.0
2017-07-11 00:00:00+00:00,78390.0
2017-07-12 00:00:00+00:00,93400.0
2017-07-13 00:00:00+00:00,94580.0
2017-07-14 00:00:00+00:00,77760.0
2017-07-15 00:00:00+00:00,113839.9375
2017-07-16 00:00:00+00:00,98500.0
2017-07-17 00:00:00+00:00,86810.0
2017-07-18 00:00:00+00:00,96740.0
2017-07-19 00:00:00+00:00,84130.0
2017-07-20 00:00:00+00:00,93290.0
2017-07-21 00:00:00+00:00,84700.0
2017-07-22 00:00:00+00:00,125420.0
2017-07-23 00:00:00+00:00,106410.0
2017-07-24 00:00:00+00:00,93760.0
2017-07-25 00:00:00+00:00,82270.0
2017-07-26 00:00:00+00:00,70510.0
2017-07-27 00:00:00+00:00,80110.0
2017-07-28 00:00:00+00:00,82620.0
2017-07-29 00:00:00+00:00,112170.0
2017-07-30 00:00:00+00:00,86080.0
2017-07-31 00:00:00+00:00,71840.0
2017-08-01 00:00:00+00:00,12550.0
2017-08-02 00:00:00+00:00,72280.0
2017-08-03 00:00:00+00:00,60960.0
2017-08-04 00:00:00+00:00,99330.0
2017-08-05 00:00:00+00:00,80990.0
2017-08-06 00:00:00+00:00,56460.0
2017-08-07 00:00:00+00:00,85630.0
2017-08-08 00:00:00+00:00,106770.0
2017-08-09 00:00:00+00:00,96580.0
2017-08-10 00:00:00+00:00,108410.0
2017-08-11 00:00:00+00:00,89050.0
2017-08-12 00:00:00+00:00,103220.0
2017-08-13 00:00:00+00:00,82960.0
2017-08-14 00:00:00+00:00,74370.0
2017-08-15 00:00:00+00:00,77060.0
2017-08-16 00:00:00+00:00,75540.0
2017-08-17 00:00:00+00:00,56730.0
2017-08-18 00:00:00+00:00,98310.0
2017-08-19 00:00:00+00:00,109430.0
2017-08-20 00:00:00+00:00,104170.0
2017-08-21 00:00:00+00:00,93120.0
2017-08-22 00:00:00+00:00,78810.0
2017-08-23 00:00:00+00:00,77470.0
2017-08-24 00:00:00+00:00,72420.0
2017-08-25 00:00:00+00:00,71300.0
2017-08-26 00:00:00+00:00,114420.0
2017-08-27 00:00:00+00:00,77120.0
2017-08-28 00:00:00+00:00,71780.0
2017-08-29 00:00:00+00:00,81910.0
2017-08-30 00:00:00+00:00,77790.0
2017-08-31 00:00:00+00:00,58700.0
2017-09-01 00:00:00+00:00,73950.0
2017-09-02 00:00:00+00:00,61290.0
2017-09-03 00:00:00+00:00,73450.0
2017-09-04 00:00:00+00:00,92300.0
2017-09-05 00:00:00+00:00,85010.0
2017-09-06 00:00:00+00:00,86840.0
2017-09-07 00:00:00+00:00,97010.0
2017-09-08 00:00:00+00:00,74210.0
2017-09-09 00:00:00+00:00,133890.0
2017-09-10 00:00:00+00:00,74110.0
2017-09-11 00:00:00+00:00,83250.0
2017-09-12 00:00:00+00:00,114730.0
2017-09-13 00:00:00+00:00,95110.0
2017-09-14 00:00:00+00:00,82420.0
2017-09-15 00:00:00+00:00,73610.0
2017-09-16 00:00:00+00:00,127510.0
2017-09-17 00:00:00+00:00,115530.0
2017-09-18 00:00:00+00:00,72340.0
2017-09-19 00:00:00+00:00,82040.0
2017-09-20 00:00:00+00:00,79700.0
2017-09-21 00:00:00+00:00,73420.0
2017-09-22 00:00:00+00:00,85370.0
2017-09-23 00:00:00+00:00,123220.0
2017-09-24 00:00:00+00:00,97090.0
2017-09-25 00:00:00+00:00,74460.0
2017-09-26 00:00:00+00:00,89180.0
2017-09-27 00:00:00+00:00,51480.0
2017-09-28 00:00:00+00:00,101210.0
2017-09-29 00:00:00+00:00,98400.0
2017-09-30 00:00:00+00:00,55660.0
2017-10-01 00:00:00+00:00,68760.0
2017-10-02 00:00:00+00:00,49210.0
2017-10-03 00:00:00+00:00,54210.0
2017-10-04 00:00:00+00:00,79090.0
2017-10-05 00:00:00+00:00,36270.0
2017-10-06 00:00:00+00:00,120230.0
2017-10-07 00:00:00+00:00,100700.0
2017-10-08 00:00:00+00:00,75980.0
2017-10-09 00:00:00+00:00,119470.0
2017-10-10 00:00:00+00:00,127910.0
2017-10-11 00:00:00+00:00,18590.0
2017-10-12 00:00:00+00:00,110110.0
2017-10-13 00:00:00+00:00,47720.0
2017-10-14 00:00:00+00:00,130360.0
2017-10-15 00:00:00+00:00,130770.0
2017-10-16 00:00:00+00:00,75010.0
2017-10-17 00:00:00+00:00,98860.0
2017-10-18 00:00:00+00:00,73050.0
2017-10-19 00:00:00+00:00,74060.0
2017-10-20 00:00:00+00:00,100610.0
2017-10-21 00:00:00+00:00,121440.0
2017-10-22 00:00:00+00:00,76810.0
2017-10-23 00:00:00+00:00,70890.0
2017-10-24 00:00:00+00:00,67870.0
2017-10-25 00:00:00+00:00,80480.0
2017-10-26 00:00:00+00:00,82640.0
2017-10-27 00:00:00+00:00,75400.0
2017-10-28 00:00:00+00:00,101700.0
2017-10-29 00:00:00+00:00,98100.0
2017-10-30 00:00:00+00:00,100610.0
2017-10-31 00:00:00+00:00,89030.0
2017-11-01 00:00:00+00:00,73040.0
2017-11-02 00:00:00+00:00,90920.0
2017-11-03 00:00:00+00:00,104920.0
2017-11-04 00:00:00+00:00,90880.0
2017-11-05 00:00:00+00:00,63520.0
2017-11-06 00:00:00+00:00,108680.0
2017-11-07 00:00:00+00:00,101810.0
2017-11-08 00:00:00+00:00,76320.0
2017-11-09 00:00:00+00:00,93530.0
2017-11-10 00:00:00+00:00,64410.0
2017-11-11 00:00:00+00:00,120010.0
2017-11-12 00:00:00+00:00,85970.0
2017-11-13 00:00:00+00:00,76350.0
2017-11-14 00:00:00+00:00,80400.0
2017-11-15 00:00:00+00:00,81150.0
2017-11-16 00:00:00+00:00,88780.0
2017-11-17 00:00:00+00:00,87380.0
2017-11-18 00:00:00+00:00,127100.0
2017-11-19 00:00:00+00:00,98580.0
2017-11-20 00:00:00+00:00,82940.0
2017-11-21 00:00:00+00:00,75180.0
2017-11-22 00:00:00+00:00,65530.0
2017-11-23 00:00:00+00:00,106540.0
2017-11-24 00:00:00+00:00,79900.0
2017-11-25 00:00:00+00:00,106850.0
2017-11-26 00:00:00+00:00,131210.0
2017-11-27 00:00:00+00:00,89400.0
2017-11-28 00:00:00+00:00,80950.0
2017-11-29 00:00:00+00:00,86610.0
2017-11-30 00:00:00+00:00,11930.0
2017-12-01 00:00:00+00:00,60970.0
2017-12-02 00:00:00+00:00,85280.0
2017-12-03 00:00:00+00:00,88870.0
2017-12-04 00:00:00+00:00,93110.0
2017-12-05 00:00:00+00:00,64580.0
2017-12-06 00:00:00+00:00,80090.0
2017-12-07 00:00:00+00:00,99790.0
2017-12-08 00:00:00+00:00,112740.0
2017-12-09 00:00:00+00:00,89630.0
2017-12-10 00:00:00+00:00,86110.0
2017-12-11 00:00:00+00:00,111710.0
2017-12-12 00:00:00+00:00,82570.0
2017-12-13 00:00:00+00:00,89270.0
2017-12-14 00:00:00+00:00,71380.0
2017-12-15 00:00:00+00:00,83740.0
2017-12-16 00:00:00+00:00,152970.0
2017-12-17 00:00:00+00:00,144510.0
2017-12-18 00:00:00+00:00,91680.0
2017-12-19 00:00:00+00:00,120320.0
2017-12-20 00:00:00+00:00,85030.0
2017-12-21 00:00:00+00:00,118640.0
2017-12-22 00:00:00+00:00,108510.0
2017-12-23 00:00:00+00:00,123720.0
2017-12-24 00:00:00+00:00,119750.0
2017-12-25 00:00:00+00:00,62800.0
2017-12-26 00:00:00+00:00,82910.0
2017-12-27 00:00:00+00:00,82070.0
2017-12-28 00:00:00+00:00,73160.0
2017-12-29 00:00:00+00:00,83240.0
2017-12-30 00:00:00+00:00,109620.0
2017-12-31 00:00:00+00:00,128990.0
2018-01-01 00:00:00+00:00,53110.0
2018-01-02 00:00:00+00:00,74040.0
2018-01-03 00:00:00+00:00,51850.0
2018-01-04 00:00:00+00:00,97310.0
2018-01-05 00:00:00+00:00,99850.0
2018-01-06 00:00:00+00:00,109970.0
2018-01-07 00:00:00+00:00,95690.0
2018-01-08 00:00:00+00:00,67120.0
2018-01-09 00:00:00+00:00,72200.0
2018-01-10 00:00:00+00:00,105390.0
2018-01-11 00:00:00+00:00,65160.0
2018-01-12 00:00:00+00:00,85840.0
2018-01-13 00:00:00+00:00,90169.0390625
2018-01-14 00:00:00+00:00,95724.65625
2018-01-15 00:00:00+00:00,109117.0703125
2018-01-16 00:00:00+00:00,98016.2890625
2018-01-17 00:00:00+00:00,90518.59375
2018-01-18 00:00:00+00:00,87765.515625
2018-01-19 00:00:00+00:00,84413.0078125
2018-01-20 00:00:00+00:00,89540.4765625
2018-01-21 00:00:00+00:00,107822.828125
2018-01-22 00:00:00+00:00,85825.0625
2018-01-23 00:00:00+00:00,89580.0
2018-01-24 00:00:00+00:00,83880.0
2018-01-25 00:00:00+00:00,62900.0
2018-01-26 00:00:00+00:00,59720.0
2018-01-27 00:00:00+00:00,95860.0
2018-01-28 00:00:00+00:00,85170.0
2018-01-29 00:00:00+00:00,73170.0
2018-01-30 00:00:00+00:00,94240.0
2018-01-31 00:00:00+00:00,74350.0
2018-02-01 00:00:00+00:00,75950.0
2018-02-02 00:00:00+00:00,55180.0
2018-02-03 00:00:00+00:00,75950.0
2018-02-04 00:00:00+00:00,62920.0
2018-02-05 00:00:00+00:00,96150.0
2018-02-06 00:00:00+00:00,121750.0
2018-02-07 00:00:00+00:00,105530.0
2018-02-08 00:00:00+00:00,93550.0
2018-02-09 00:00:00+00:00,62870.0
2018-02-10 00:00:00+00:00,100610.0
2018-02-11 00:00:00+00:00,126940.0
2018-02-12 00:00:00+00:00,95058.0546875
2018-02-13 00:00:00+00:00,81590.0
2018-02-14 00:00:00+00:00,68920.0
2018-02-15 00:00:00+00:00,78540.0
2018-02-16 00:00:00+00:00,50210.0
2018-02-17 00:00:00+00:00,129020.0
2018-02-18 00:00:00+00:00,112450.0
2018-02-19 00:00:00+00:00,69630.0
2018-02-20 00:00:00+00:00,58520.0
2018-02-21 00:00:00+00:00,79960.0
2018-02-22 00:00:00+00:00,72080.0
2018-02-23 00:00:00+00:00,39810.0
2018-02-24 00:00:00+00:00,114000.0
2018-02-25 00:00:00+00:00,96250.0
2018-02-26 00:00:00+00:00,84940.0
2018-02-27 00:00:00+00:00,93670.0
2018-02-28 00:00:00+00:00,15080.0
2018-03-01 00:00:00+00:00,47720.0
2018-03-02 00:00:00+00:00,110960.0
2018-03-03 00:00:00+00:00,114920.0
2018-03-04 00:00:00+00:00,65450.0
2018-03-05 00:00:00+00:00,91740.0
2018-03-06 00:00:00+00:00,125420.0
2018-03-07 00:00:00+00:00,112790.0
2018-03-08 00:00:00+00:00,75010.0
2018-03-09 00:00:00+00:00,71550.0
2018-03-10 00:00:00+00:00,103000.0
2018-03-11 00:00:00+00:00,76820.0
2018-03-12 00:00:00+00:00,75927.171875
2018-03-13 00:00:00+00:00,76320.0
2018-03-14 00:00:00+00:00,84170.0
2018-03-15 00:00:00+00:00,76650.0
2018-03-16 00:00:00+00:00,57550.0
2018-03-17 00:00:00+00:00,128340.0
2018-03-18 00:00:00+00:00,65620.0
2018-03-19 00:00:00+00:00,84220.0
2018-03-20 00:00:00+00:00,80360.0
2018-03-21 00:00:00+00:00,70500.0
2018-03-22 00:00:00+00:00,66910.0
2018-03-23 00:00:00+00:00,63050.0
2018-03-24 00:00:00+00:00,88560.0
2018-03-25 00:00:00+00:00,95370.0
2018-03-26 00:00:00+00:00,68340.0
2018-03-27 00:00:00+00:00,94572.8203125
2018-03-28 00:00:00+00:00,67620.0
2018-03-29 00:00:00+00:00,58910.0
2018-03-30 00:00:00+00:00,24910.0
2018-03-31 00:00:00+00:00,55510.0
2018-04-01 00:00:00+00:00,67345.6640625
2018-04-02 00:00:00+00:00,58510.0
2018-04-03 00:00:00+00:00,115470.0
2018-04-04 00:00:00+00:00,80400.0
2018-04-05 00:00:00+00:00,65420.0
2018-04-06 00:00:00+00:00,118210.0
2018-04-07 00:00:00+00:00,98220.0
2018-04-08 00:00:00+00:00,106110.0
2018-04-09 00:00:00+00:00,75160.0
2018-04-10 00:00:00+00:00,73410.0
2018-04-11 00:00:00+00:00,75580.0
2018-04-12 00:00:00+00:00,61202.76953125
2018-04-13 00:00:00+00:00,179110.0
2018-04-14 00:00:00+00:00,5090.0
2018-04-15 00:00:00+00:00,96660.0
2018-04-16 00:00:00+00:00,98540.0
2018-04-17 00:00:00+00:00,89820.0
2018-04-18 00:00:00+00:00,3330.0
2018-04-19 00:00:00+00:00,108280.0
2018-04-20 00:00:00+00:00,106280.0
2018-04-21 00:00:00+00:00,137080.0
2018-04-22 00:00:00+00:00,95910.0
2018-04-23 00:00:00+00:00,76310.0
2018-04-24 00:00:00+00:00,94130.0
2018-04-25 00:00:00+00:00,84670.0
2018-04-26 00:00:00+00:00,92310.0
2018-04-27 00:00:00+00:00,98160.0
2018-04-28 00:00:00+00:00,150540.0
2018-04-29 00:00:00+00:00,90610.0
2018-04-30 00:00:00+00:00,75380.0
2018-05-01 00:00:00+00:00,116707.0234375
2018-05-02 00:00:00+00:00,81240.0
2018-05-03 00:00:00+00:00,90230.0
2018-05-04 00:00:00+00:00,88080.0
2018-05-05 00:00:00+00:00,118970.0
2018-05-06 00:00:00+00:00,82950.0
2018-05-07 00:00:00+00:00,96250.0
2018-05-08 00:00:00+00:00,109730.0
2018-05-09 00:00:00+00:00,83730.0
2018-05-10 00:00:00+00:00,111940.0
2018-05-11 00:00:00+00:00,79660.0
2018-05-12 00:00:00+00:00,64571.0546875
2018-05-13 00:00:00+00:00,109530.0
2018-05-14 00:00:00+00:00,58700.0
2018-05-15 00:00:00+00:00,85520.0
2018-05-16 00:00:00+00:00,90060.0
2018-05-17 00:00:00+00:00,122970.0
2018-05-18 00:00:00+00:00,108660.0
2018-05-19 00:00:00+00:00,144430.0
2018-05-20 00:00:00+00:00,102530.0
2018-05-21 00:00:00+00:00,107540.0
2018-05-22 00:00:00+00:00,117530.0
2018-05-23 00:00:00+00:00,98430.0
2018-05-24 00:00:00+00:00,98190.0
2018-05-25 00:00:00+00:00,108220.0
2018-05-26 00:00:00+00:00,109870.0
2018-05-27 00:00:00+00:00,135410.0
2018-05-28 00:00:00+00:00,110170.0
2018-05-29 00:00:00+00:00,105740.0
2018-05-30 00:00:00+00:00,106230.0
2018-05-31 00:00:00+00:00,109000.0
2018-06-01 00:00:00+00:00,70286.9609375
2018-06-02 00:00:00+00:00,76190.0
2018-06-03 00:00:00+00:00,94860.0
2018-06-04 00:00:00+00:00,68390.0
2018-06-05 00:00:00+00:00,118400.0
2018-06-06 00:00:00+00:00,116850.0
2018-06-07 00:00:00+00:00,126230.0
2018-06-08 00:00:00+00:00,98330.0
2018-06-09 00:00:00+00:00,91830.0
2018-06-10 00:00:00+00:00,17000.0
2018-06-11 00:00:00+00:00,93030.0
2018-06-12 00:00:00+00:00,72129.6953125
2018-06-13 00:00:00+00:00,99040.0
2018-06-14 00:00:00+00:00,111230.0
2018-06-15 00:00:00+00:00,106400.0
2018-06-16 00:00:00+00:00,140110.0
2018-06-17 00:00:00+00:00,127290.0
2018-06-18 00:00:00+00:00,116020.0
2018-06-19 00:00:00+00:00,111840.0
2018-06-20 00:00:00+00:00,55390.0
2018-06-21 00:00:00+00:00,131360.0
2018-06-22 00:00:00+00:00,97380.0
2018-06-23 00:00:00+00:00,128630.0
2018-06-24 00:00:00+00:00,118710.0
2018-06-25 00:00:00+00:00,137550.0
2018-06-26 00:00:00+00:00,114660.0
2018-06-27 00:00:00+00:00,53160.0
2018-06-28 00:00:00+00:00,88820.0
2018-06-29 00:00:00+00:00,114280.0
2018-06-30 00:00:00+00:00,58320.0
2018-07-01 00:00:00+00:00,93465.65625
2018-07-02 00:00:00+00:00,72850.0
2018-07-03 00:00:00+00:00,80760.0
2018-07-04 00:00:00+00:00,109840.0
2018-07-05 00:00:00+00:00,7750.0
2018-07-06 00:00:00+00:00,94790.0
2018-07-07 00:00:00+00:00,101070.0
2018-07-08 00:00:00+00:00,96460.0
2018-07-09 00:00:00+00:00,82670.0
2018-07-10 00:00:00+00:00,53190.0
2018-07-11 00:00:00+00:00,104800.0
2018-07-12 00:00:00+00:00,102024.3984375
2018-07-13 00:00:00+00:00,90820.0
2018-07-14 00:00:00+00:00,106300.0
2018-07-15 00:00:00+00:00,103560.0
2018-07-16 00:00:00+00:00,109410.0
2018-07-17 00:00:00+00:00,119180.0
2018-07-18 00:00:00+00:00,88360.0
2018-07-19 00:00:00+00:00,82880.0
2018-07-20 00:00:00+00:00,95330.0
2018-07-21 00:00:00+00:00,124110.0
2018-07-22 00:00:00+00:00,97340.0
2018-07-23 00:00:00+00:00,88930.0
2018-07-24 00:00:00+00:00,88500.0
2018-07-25 00:00:00+00:00,67815.828125
2018-07-26 00:00:00+00:00,100330.0
2018-07-27 00:00:00+00:00,63780.0
2018-07-28 00:00:00+00:00,122570.0
2018-07-29 00:00:00+00:00,75540.0
2018-07-30 00:00:00+00:00,85900.0
2018-07-31 00:00:00+00:00,106150.0
2018-08-01 00:00:00+00:00,95190.453125
2018-08-02 00:00:00+00:00,73790.0
2018-08-03 00:00:00+00:00,60070.0
2018-08-04 00:00:00+00:00,72980.0
2018-08-05 00:00:00+00:00,111800.0
2018-08-06 00:00:00+00:00,70640.0
2018-08-07 00:00:00+00:00,97750.0
2018-08-08 00:00:00+00:00,32820.0
2018-08-09 00:00:00+00:00,70980.0
2018-08-10 00:00:00+00:00,91630.0
2018-08-11 00:00:00+00:00,124940.0
2018-08-12 00:00:00+00:00,97322.3828125
2018-08-13 00:00:00+00:00,100440.0
2018-08-14 00:00:00+00:00,100880.0
2018-08-15 00:00:00+00:00,80530.0
2018-08-16 00:00:00+00:00,87940.0
2018-08-17 00:00:00+00:00,110180.0
2018-08-18 00:00:00+00:00,105880.0
2018-08-19 00:00:00+00:00,118890.0
2018-08-20 00:00:00+00:00,101250.0
2018-08-21 00:00:00+00:00,110960.0
2018-08-22 00:00:00+00:00,76510.0
2018-08-23 00:00:00+00:00,104810.0
2018-08-24 00:00:00+00:00,78380.0
2018-08-25 00:00:00+00:00,64380.0
2018-08-26 00:00:00+00:00,73110.0
2018-08-27 00:00:00+00:00,84820.0
2018-08-28 00:00:00+00:00,81080.0
2018-08-29 00:00:00+00:00,82650.0
2018-08-30 00:00:00+00:00,63610.0
2018-08-31 00:00:00+00:00,92000.0
2018-09-01 00:00:00+00:00,84505.609375
2018-09-02 00:00:00+00:00,104800.0
2018-09-03 00:00:00+00:00,55320.0
2018-09-04 00:00:00+00:00,82180.0
2018-09-05 00:00:00+00:00,86300.0
2018-09-06 00:00:00+00:00,113360.0
2018-09-07 00:00:00+00:00,92050.0
2018-09-08 00:00:00+00:00,97860.0
2018-09-09 00:00:00+00:00,84500.0
2018-09-10 00:00:00+00:00,105840.0
2018-09-11 00:00:00+00:00,118020.0
2018-09-12 00:00:00+00:00,79041.6328125
2018-09-13 00:00:00+00:00,108790.0
2018-09-14 00:00:00+00:00,92140.0
2018-09-15 00:00:00+00:00,49090.0
2018-09-16 00:00:00+00:00,38430.0
2018-09-17 00:00:00+00:00,86360.0
2018-09-18 00:00:00+00:00,94830.0
2018-09-19 00:00:00+00:00,81400.0
2018-09-20 00:00:00+00:00,78950.0
2018-09-21 00:00:00+00:00,81800.0
2018-09-22 00:00:00+00:00,69750.0
2018-09-23 00:00:00+00:00,76260.0
2018-09-24 00:00:00+00:00,67540.0
2018-09-25 00:00:00+00:00,16060.0
2018-09-26 00:00:00+00:00,107650.0
2018-09-27 00:00:00+00:00,101300.0
2018-09-28 00:00:00+00:00,103880.0
2018-09-29 00:00:00+00:00,91330.0
2018-09-30 00:00:00+00:00,80460.0
2018-10-01 00:00:00+00:00,79970.0
2018-10-02 00:00:00+00:00,41560.0
2018-10-03 00:00:00+00:00,77490.0
2018-10-04 00:00:00+00:00,119440.0
2018-10-05 00:00:00+00:00,72620.0
2018-10-06 00:00:00+00:00,129200.0
2018-10-07 00:00:00+00:00,109990.0
2018-10-08 00:00:00+00:00,85780.0
2018-10-09 00:00:00+00:00,77270.0
2018-10-10 00:00:00+00:00,118940.0
2018-10-11 00:00:00+00:00,70700.0
2018-10-12 00:00:00+00:00,103380.609375
2018-10-13 00:00:00+00:00,94980.0
2018-10-14 00:00:00+00:00,77990.0
2018-10-15 00:00:00+00:00,89010.0
2018-10-16 00:00:00+00:00,99090.0
2018-10-17 00:00:00+00:00,119930.0
2018-10-18 00:00:00+00:00,104120.0
2018-10-19 00:00:00+00:00,100330.0
2018-10-20 00:00:00+00:00,51390.0
2018-10-21 00:00:00+00:00,37950.0
2018-10-22 00:00:00+00:00,106620.0
2018-10-23 00:00:00+00:00,100600.0
2018-10-24 00:00:00+00:00,64820.0
2018-10-25 00:00:00+00:00,79110.0
2018-10-26 00:00:00+00:00,78470.0
2018-10-27 00:00:00+00:00,39160.0
2018-10-28 00:00:00+00:00,26110.0
2018-10-29 00:00:00+00:00,121430.0
2018-10-30 00:00:00+00:00,125400.0
2018-10-31 00:00:00+00:00,114250.0
2018-11-01 00:00:00+00:00,55510.0
2018-11-02 00:00:00+00:00,36820.0
2018-11-03 00:00:00+00:00,97630.0
2018-11-04 00:00:00+00:00,104660.0
2018-11-05 00:00:00+00:00,124760.0
2018-11-06 00:00:00+00:00,92780.0
2018-11-07 00:00:00+00:00,90770.0
2018-11-08 00:00:00+00:00,110110.0
2018-11-09 00:00:00+00:00,82080.0
2018-11-10 00:00:00+00:00,100330.0
2018-11-11 00:00:00+00:00,74180.0
2018-11-12 00:00:00+00:00,63805.14453125
2018-11-13 00:00:00+00:00,112070.0
2018-11-14 00:00:00+00:00,92070.0
2018-11-15 00:00:00+00:00,97550.0
2018-11-16 00:00:00+00:00,32390.0
2018-11-17 00:00:00+00:00,97900.0
2018-11-18 00:00:00+00:00,50890.0
2018-11-19 00:00:00+00:00,90140.0
2018-11-20 00:00:00+00:00,98050.0
2018-11-21 00:00:00+00:00,94360.0
2018-11-22 00:00:00+00:00,87830.0
2018-11-23 00:00:00+00:00,92780.0
2018-11-24 00:00:00+00:00,111420.0
2018-11-25 00:00:00+00:00,104320.0
2018-11-26 00:00:00+00:00,88170.0
2018-11-27 00:00:00+00:00,105780.0
2018-11-28 00:00:00+00:00,92570.0
2018-11-29 00:00:00+00:00,99680.0
2018-11-30 00:00:00+00:00,64310.0
2018-12-01 00:00:00+00:00,50234.7421875
2018-12-02 00:00:00+00:00,86750.0
2018-12-03 00:00:00+00:00,72320.0
2018-12-04 00:00:00+00:00,124230.0
2018-12-05 00:00:00+00:00,118550.0
2018-12-06 00:00:00+00:00,100730.0
2018-12-07 00:00:00+00:00,89560.0
2018-12-08 00:00:00+00:00,127960.0
2018-12-09 00:00:00+00:00,71670.0
2018-12-10 00:00:00+00:00,124610.0
2018-12-11 00:00:00+00:00,118680.0
2018-12-12 00:00:00+00:00,93246.84375
2018-12-13 00:00:00+00:00,100888.1796875
2018-12-14 00:00:00+00:00,72431.109375
2018-12-15 00:00:00+00:00,64966.3359375
2018-12-16 00:00:00+00:00,78405.2421875
2018-12-17 00:00:00+00:00,58893.14453125
2018-12-18 00:00:00+00:00,79917.40625
2018-12-19 00:00:00+00:00,88899.09375
2018-12-20 00:00:00+00:00,49069.9609375
2018-12-21 00:00:00+00:00,95438.265625
2018-12-22 00:00:00+00:00,120117.640625
2018-12-23 00:00:00+00:00,97606.0859375
2018-12-24 00:00:00+00:00,79260.765625
2018-12-25 00:00:00+00:00,97455.1640625
2018-12-26 00:00:00+00:00,71376.3359375
2018-12-27 00:00:00+00:00,103413.9140625
2018-12-28 00:00:00+00:00,81414.9140625
2018-12-29 00:00:00+00:00,75831.0234375
2018-12-30 00:00:00+00:00,79012.3984375
2018-12-31 00:00:00+00:00,76024.828125
